standard_number,title,domain,edition,status,source_type
IS 10322 (Part 1) : 2026,Luminaires Part 1 General Requirements and Tests,Lighting,2026,CURRENT,AUTHORITY_CURATED
IS 10322 (Part 5/Sec 3) : 2026,Luminaires Part 5 Section 3 Road and Street Lighting,Lighting,2026,CURRENT,AUTHORITY_CURATED
IS 16107 (Part 2/Sec 1) : 2012,Luminaires Performance Part 2 Section 1 LED Luminaires,Lighting,2012,CURRENT,AUTHORITY_CURATED
IS 16106 : 2012,Method for the Electrical and Photometric Measurements of Solid-State Lighting Products,Lighting,2012,CURRENT,AUTHORITY_CURATED
IS/IEC 60529 : 2001,Degrees of Protection Provided by Enclosures IP Code,Electrical,2001,CURRENT,AUTHORITY_CURATED
IS 14700 (Part 3/Sec 2) : 2008,EMC Part 3 Limits Section 2 Limits for Harmonic Current Emissions,Electrical,2008,CURRENT,AUTHORITY_CURATED
IS 694 : 2010,PVC Insulated Cables,Electrical,2010,CURRENT,AUTHORITY_CURATED
IS 1255 : 1983,Installation and Maintenance of Power Cables up to and Including 33 kV,Electrical,1983,CURRENT,AUTHORITY_CURATED
IS 14286 (Part 2) : 2023,Terrestrial Photovoltaic PV Modules Design Qualification and Type Approval Part 2 Test Procedures,Solar,2023,CURRENT,AUTHORITY_CURATED
IS 3043 : 2018,Code of Practice for Earthing,Electrical,2018,CURRENT,AUTHORITY_CURATED
IS 9283 : 2024,Line Operated AC Motors for Submersible Pumpsets,Water,2024,CURRENT,AUTHORITY_CURATED
IS 2062 : 2011,Hot Rolled Medium and High Tensile Structural Steel,Construction,2011,CURRENT,AUTHORITY_CURATED
IS 383 : 2016,Coarse and Fine Aggregate for Concrete,Construction,2016,CURRENT,AUTHORITY_CURATED
